Paper_ID,Full_Paper_ID,Reference
01C,01C-Doenz2019,"Doenz, C. J., A. K. KrŠhenbŸhl, J. Walker, O. Seehausen, and J. Brodersen. 2019. Ecological opportunity shapes a large Arctic charr species radiation. Proceedings of the Royal Society B: Biological Sciences 286:20191992."
01D,01D-Ostbye2019,"¯stbye, K., M. Hagen Hassve, A. M. Peris Tamayo, M. Hagenlund, T. Vogler, and K. Pr¾bel. 2020. ÒAnd if you gaze long into an abyss, the abyss gazes also into theeÓ: four morphs of Arctic charr adapting to a depth gradient in Lake Tinnsj¿en. Evolutionary Applications 13:1240Ð1261."
03C,03C-Esin2019,"Esin, E. V., and G. N. Markevich. 2019. Parallel late ontogeny transformations in contrasting landlocked phenotypes of Salvelinus malma (Salmonidae) from small volcanic lakes. Ecology of Freshwater Fish 28:624Ð638."
04C,04C-PietteLauziere2019,"Piette-Lauzire, G., A. H. Bell, M. S. Ridgway, and J. Turgeon. 2019. Evolution and diversity of two cisco forms in an outlet of glacial Lake Algonquin. Ecology and Evolution 9:9654Ð9670."
06C,06C-Zubova2018,"Zubova, E. M., N. A. Kashulin, P. M. Terentjev, S. A. Valkova, A. A. Cherepanov, and S. V. Postnova. 2018. New data on morphological features of the branchial apparatus of sparsely rakered and medium rakered morphs of whitefish ?oregonus lavaretus (L.) from the largest subarctic lake. Inland Water Biology 11:465Ð476."
08C,08C-Doenz2018,"Doenz, C. J., D. Bittner, P. Vonlanthen, C. E. Wagner, and O. Seehausen. 2018. Rapid buildup of sympatric species diversity in Alpine whitefish. Ecology and Evolution 8:9398Ð9412."
104A,104A-Siwertsson2013,"Siwertsson, A., R. Knudsen, C. E. Adams, K. Pr¾bel, and P. A. Amundsen. 2013. Parallel and non-parallel morphological divergence among foraging specialists in European whitefish (Coregonus lavaretus). Ecology and Evolution 3:1590Ð1602."
107A,107A-Chavarie2013,"Chavarie, L., K. L. Howland, and W. M. Tonn. 2013. Sympatric polymorphism in lake trout: The coexistence of multiple shallow-water morphotypes in great bear lake. Transactions of the American Fisheries Society 142:814Ð823."
108A,108A-Siwertsson2013,"Siwertsson, A., R. Knudsen, K. Pr¾bel, C. E. Adams, J. Newton, and P. A. Amundsen. 2013. Discrete foraging niches promote ecological, phenotypic, and genetic divergence in sympatric whitefish (Coregonus lavaretus). Evolutionary Ecology 27:547Ð564."
108B,108B-Laporte2015,"Laporte, M., S. M. Rogers, A. M. Dion-C™tŽ, E. Normandeau, P. A. Gagnaire, A. C. Dalziel, J. Chebib, et al. 2015. RAD-QTL mapping reveals both genome-level parallelism and different genetic architecture underlying the evolution of body shape in lake Whitefish (Coregonus clupeaformis) species pairs. G3: Genes, Genomes, Genetics 5:1481Ð1491."
118A,118A-Woods2012,"Woods, P. J., S. Skœlason, S. S. Snorrason, B. K. Kristj‡nsson, H. J. Malmquist, and T. P. Quinn. 2012. Intraspecific diversity in arctic charr, salvelinus alpinus, in iceland: I. detection using mixture models. Evolutionary Ecology Research 14:973Ð992."
122A,122A-GardunoPaz2012,"Gardu–o-Paz, M. V., C. E. Adams, E. Verspoor, D. Knox, and C. Harrod. 2012. Convergent evolutionary processes driven by foraging opportunity in two sympatric morph pairs of Arctic charr with contrasting post-glacial origins. Biological Journal of the Linnean Society 106:794Ð806."
126A,126A-Ingram2012,"Ingram, T., A. G. Hudson, P. Vonlanthen, and O. Seehausen. 2012. Does water depth or diet divergence predict progress towards ecological speciation in whitefish radiations? Evolutionary Ecology Research 14:487Ð502."
128A,128A-Siwertsson,"Siwertsson, A., R. Knudsen, and P. A. Amundsen. 2012. Temporal stability in gill raker numbers of subarctic European whitefish populations. Advances in Limnology 63:229Ð240."
128B,128B-Muir2014,"Muir, A. M., C. R. Bronte, M. S. Zimmerman, H. R. Quinlan, J. D. Glase, and C. C. Krueger. 2014. Ecomorphological Diversity of Lake Trout at Isle Royale, Lake Superior. Transactions of the American Fisheries Society 143:972Ð987."
129A,129A-Vecsei2011,"Vecsei, P., C. T. Blackie, A. M. Muir, H. M. Machtans, and J. D. Reist. 2012. A preliminary assessment of cisco (coregonus spp.) diversity in yellowknife bay, great slave lake, northwest territories. Advances in Limnology 63:299Ð322."
136B,136B-Smalas2013,"SmalŒs, A., P. A. Amundsen, and R. Knudsen. 2013. Contrasting life history strategies of sympatric Arctic charr morphs, Salvelinus alpinus. Journal of Ichthyology 53:856Ð866."
13C,13C-Markevich2017,"Markevich, G. N., E. V. Esin, O. Y. Busarova, R. Knudsen, and L. A. Anisimova. 2017. Diversity of nosed charrs Salvelinus malma (Salmonidae) of Lake Kronotskoe (Kamchatka). Journal of Ichthyology 57:675Ð687."
141A,141A-Arbour2010,"Arbour, J. H., D. C. Hardie, and J. A. Hutchings. 2011. Morphometric and genetic analyses of two sympatric morphs of arctic char (Salvelinus alpinus) in the Canadian high arctic. Canadian Journal of Zoology 89:19Ð30."
141B,141B-Kapralova2013,"Kapralova, K. H., J. Gudbrandsson, S. Reynisdottir, C. B. Santos, V. C. Baltan‡s, V. H. Maier, S. S. Snorrason, et al. 2013. Differentiation at the MHCII? and Cath2 loci in sympatric Salvelinus alpinus resource morphs in Lake Thingvallavatn. PLoS ONE 8:e69402."
148A,148A-Harrod2010,"Harrod, C., J. Mallela, and K. K. Kahilainen. 2010. Phenotype-environment correlations in a putative whitefish adaptive radiation. Journal of Animal Ecology 79:1057Ð1068."
14B,14B-Thomas2019,"Thomas, S. M., M. J. Kainz, P. A. Amundsen, B. Hayden, S. J. Taipale, and K. K. Kahilainen. 2019. Resource polymorphism in European whitefish: Analysis of fatty acid profiles provides more detailed evidence than traditional methods alone. PLoS ONE 14:1Ð23."
154B,154B-Woods2013,"Woods, P. J., D. Young, S. Skœlason, S. S. Snorrason, and T. P. Quinn. 2013. Resource polymorphism and diversity of Arctic charr Salvelinus alpinus in a series of isolated lakes. Journal of Fish Biology 82:569Ð587."
156B,156B-Karvonen2013,"Karvonen, A., B. Lundsgaard-Hansen, J. Jokela, and O. Seehausen. 2013. Differentiation in parasitism among ecotypes of whitefish segregating along depth gradients. Oikos 122:122Ð128."
162A,162A-Gallagher2010,"Gallagher, C. P., and T. A. Dick. 2010. Trophic structure of a landlocked Arctic char Salvelinus alpinus population from southern Baffin Island, Canada. Ecology of Freshwater Fish 19:39Ð50."
165A,165A-Knudsen2010,"Knudsen, R., R. Primicerio, P. A. Amundsen, and A. Klemetsen. 2010. Temporal stability of individual feeding specialization may promote speciation. Journal of Animal Ecology 79:161Ð168."
166A,166A-Helland2009,"Helland, I. P., L. A. V¿llestad, J. Freyhof, and T. Mehner. 2009. Morphological differences between two ecologically similar sympatric fishes. Journal of Fish Biology 75:2756Ð2767."
16C,16C-PerreaultPayette2017,"Perreault-Payette, A., A. M. Muir, F. Goetz, C. Perrier, E. Normandeau, P. Sirois, and L. Bernatchez. 2017. Investigating the extent of parallelism in morphological and genomic divergence among lake trout ecotypes in Lake Superior. Molecular Ecology 26:1477Ð1497."
170A,170A-Zimmerman2009,"Zimmerman, M. S., S. N. Schmidt, C. C. Krueger, M. J. Vander Zanden, and R. L. Eshenroder. 2009. Ontogenetic niche shifts and resource partitioning of lake trout morphotypes. Canadian Journal of Fisheries and Aquatic Sciences 66:1007Ð1018."
176A,176A -Adams2008,"Adams, C. E., A. J. Wilson, and M. M. Ferguson. 2008. Parallel divergence of sympatric genetic and body size forms of Arctic charr, Salvelinus alpinus, from two Scottish lakes. Biological Journal of the Linnean Society 95:748Ð757."
178B,178B-Power2012,"Power, M., M. F. OÕConnell, and B. Dempson. 2012. Determining the consistency of thermal habitat segregation within and among Arctic charr morphotypes in Gander Lake, Newfoundland. Ecology of Freshwater Fish 21:245Ð254."
17C,17C-Hudson2017,"Hudson, A. G., B. Lundsgaard-Hansen, K. Lucek, P. Vonlanthen, and O. Seehausen. 2017. Managing cryptic biodiversity: Fine-scale intralacustrine speciation along a benthic gradient in Alpine whitefish (Coregonus spp.). Evolutionary Applications 10:251Ð266."
181A,181A-Amundsen2008,"Amundsen, P. A., R. Knudsen, and A. Klemetsen. 2008. Seasonal and ontogenetic variations in resource use by two sympatric Arctic charr morphs. Environmental Biology of Fishes 83:45Ð55."
182A,182A-Knudsen2008,"Knudsen, R., P. A. Amundsen, M. Jobling, and A. Klemetsen. 2008. Differences in pyloric caeca morphology between Arctic charr Salvelinus alpinus ecotypes: Adaptation to trophic specialization or parasite-induced phenotypic modifications? Journal of Fish Biology 73:275Ð287."
186A,186A-Bertrand2008,"Bertrand, M., D. J. Marcogliese, and P. Magnan. 2008. Trophic polymorphism in brook charr revealed by diet, parasites and morphometrics. Journal of Fish Biology 72:555Ð572."
189A,189A-Kahilainen2007,"Kahilainen, K. K., T. Malinen, A. Tuomaala, E. AlajŠrvi, A. Tolonen, and H. Lehtonen. 2007. Empirical evaluation of phenotype-environment correlation and trait utility with allopatric and sympatric whitefish, Coregonus lavaretus (L.), populations in subarctic lakes. Biological Journal of the Linnean Society 92:561Ð572."
18A,18A-Franklin2018,"Franklin, O. D., S. Skœlason, M. B. Morrissey, and M. M. Ferguson. 2018. Natural selection for body shape in resource polymorphic Icelandic Arctic charr. Journal of Evolutionary Biology 31:1498Ð1512."
193A,193A-Knudsen2007,"Knudsen, R., P. A. Amundsen, R. Primicerio, A. Klemetsen, and P. S¿rensen. 2007. Contrasting niche-based variation in trophic morphology within Arctic charr populations. Evolutionary Ecology Research 9:1005Ð1021."
196B,196B-Knudsen2011,"Knudsen, R., A. Siwertsson, C. E. Adams, M. Gardu–o-Paz, J. Newton, and P. A. Amundsen. 2011. Temporal stability of niche use exposes sympatric Arctic charr to alternative selection pressures. Evolutionary Ecology 25:589Ð604."
198A,198A-Zimmerman2007,"Zimmerman, M. S., C. C. Krueger, and R. L. Eshenroder. 2007. Morphological and ecological differences between shallow- and deep-water Lake trout in Lake Mistassini, Quebec. Journal of Great Lakes Research 33:156Ð169."
19C,19C-Huuskonen2017,"Huuskonen, H., T. Shikano, L. MehtŠtalo, J. Kettunen, R. Eronen, A. Toiviainen, and J. KekŠlŠinen. 2017. Anthropogenic environmental changes induce introgression in sympatric whitefish ecotypes. Biological Journal of the Linnean Society 121:613Ð626."
1A,1A-Alekseyev2019,"Alekseyev, S. S., M. Y. Pichugin, V. P. Samusenok, N. V. Gordeeva, A. L. YurÕev, V. S. Khlystov, and A. N. Matveev. 2019. Reproductive strategies of Arctic charr Salvelinus alpinus (L.) forms in Kiryalta lakes, Transbaikalia, Russia. Hydrobiologia 840:113Ð136."
202A,202A-Ostbye2006,"¯stbye, K., P. A. Amundsen, L. Bernatchez, A. Klemetsen, R. Knudsen, R. Kristoffersen, T. F. N¾sje, et al. 2006. Parallel evolution of ecomorphological traits in the European whitefish Coregonus lavaretus (L.) species complex during postglacial times. Molecular Ecology 15:3983Ð4001."
203A,203A-Knudsen2006,"Knudsen, R., A. Klemetsen, P. A. Amundsen, and B. Hermansen. 2006. Incipient speciation through niche expansion: An example from the Arctic charr in a subarctic lake. Proceedings of the Royal Society B: Biological Sciences 273:2291Ð2298."
20C,20C-DionCote2017,"Dion-C™tŽ, A. M., R. Symonov‡, F. C. Lamaze, ?. Pelik‡nov‡, P. R‡b, and L. Bernatchez. 2017. Standing chromosomal variation in Lake Whitefish species pairs: the role of historical contingency and relevance for speciation. Molecular Ecology 26:178Ð192."
210B,210B-Siwertsson2010,"Siwertsson, A., R. Knudsen, K. K. Kahilainen, K. Pr¾bel, R. Primicerio, and P. A. Amundsen. 2010. Sympatric diversification as influenced by ecological opportunity and historical contingency in a young species lineage of whitefish. Evolutionary Ecology Research 12:929Ð947."
211A,211A-Kahilainen2006,"Kahilainen, K., and K. ¯stbye. 2006. Morphological differentiation and resource polymorphism in three sympatric whitefish Coregonus lavaretus (L.) forms in a subarctic lake. Journal of Fish Biology 68:63Ð79."
214A,214A-Sigursteindottir2005,"Sigursteinsd—ttir, R. J., and B. K. Kristj‡nsson. 2005. Parallel evolution, not always so parallel: Comparison of small benthic charr, Salvelinus alpinus, from Gr’msnes and Thingvallavatn, Iceland. Environmental Biology of Fishes 74:239Ð244."
21C,21C-Bryce2016,"Bryce, C., A. Fraser, R. Knudsen, R. Greer, and C. Adams. 2016. Divergent functional traits in three sympatric Arctic charr Salvelinus alpinus morphs are not coupled with the age of the lineage divergence. Hydrobiologia 783:177Ð189."
220A,220A-Power2005,"Power, M., M. F. OÕConnell, and J. B. Dempson. 2005. Ecological segregation within and among Arctic char morphotypesin Gander Lake, Newfoundland. Environmental Biology of Fishes 73:263Ð274."
226A,226A-McCarthy2004,"McCarthy, I. D., D. Fraser, S. Waldron, and C. E. Adams. 2004. A stable isotope analysis of trophic polymorphism among Arctic charr from Loch Ericht, Scotland. Journal of Fish Biology 65:1435Ð1440."
228A,228A-Alfonso2004,"Alfonso, N. R. 2004. Evidence for two morphotypes of lake charr, Salvelinus namaycush, from Great Bear Lake, Northwest Territories, Canada. Environmental Biology of Fishes 71:21Ð32."
234A,234A-Adams2004,"Adams, C. E., and F. A. Huntingford. 2004. Incipient speciation driven by phenotypic plasticity? Evidence from sympatric populations of Arctic charr. Biological Journal of the Linnean Society 81:611Ð618."
234B,234B-Power2019,"Power, M., G. Power, J. D. Reist, and R. Bajno. 2009. Ecological and genetic differentiation among the Arctic charr of lake Aigneau, northern QuŽbec. Ecology of Freshwater Fish 18:445Ð460."
237A,237A-Amundsen2004,"Amundsen, P. A., R. Knudsen, A. Klemetsen, and R. Kristoffersen. 2004. Resource competition and interactive segregation between sympatric whitefish morphs. Annales Zoologici Fennici 41:301Ð307."
23C,23C-Chavarie2015,"Chavarie, L., K. Howland, P. Venturelli, B. C. Kissinger, R. Tallman, and W. Tonn. 2016. Life-history variation among four shallow-water morphotypes of lake trout from Great Bear Lake, Canada. Journal of Great Lakes Research 42:193Ð203."
242A,242A-Kahilainen2003,"Kahilainen, K., H. Lehtonen, and K. Kšnšnen. 2003. Consequence of habitat segregation to growth rate of two sparsely rakered whitefish (Coregonus lavaretus (L.)) forms in a subarctic lake. Ecology of Freshwater Fish 12:275Ð285."
249A,249A-Knudsen2003,"Knudsen, R., P. A. Amundsen, and A. Klemetsen. 2003. Inter- and intra-morph patterns in helminth communities of sympatric whitefish morphs. Journal of Fish Biology 62:847Ð859."
253A,253A-Adams2003,"Adams, C., D. Fraser, I. McCarthy, S. Shields, S. Waldron, and G. Alexander. 2003. Stable isotope analysis reveals ecological segregation in a bimodal size polymorphism in Arctic charr from Loch Tay, Scotland. Journal of Fish Biology 62:474Ð481."
255A,255A-Turgeon2003,"Turgeon, J., and L. Bernatchez. 2003. Reticulate evolution and phenotypic diversity in North American ciscoes, Coregonus ssp. (Teleostei: Salmonidae): Implications for the conservation of an evolutionary legacy. Conservation Genetics 4:67Ð81."
256A,256A-Blackie2003,"Blackie, C. T., D. J. Weese, and D. L. G. Noakes. 2003. Evidence for resource polymorphism in the lake charr (Salvelinus namaycush) population of Great Bear Lake, Northwest Territories, Canada. Ecoscience 10:509Ð514."
264A,264A-Alekseyev2002,"Alekseyev, S. S., V. P. Samusenok, A. N. Matveev, and M. Y. Pichugin. 2002. Diversification, sympatric speciation, and trophic polymorphism of Arctic charr, Salvelinus alpinus complex, in Transbaikalia. Environmental Biology of Fishes 64:97Ð114."
267A,267A-Klemetsen2002,"Klemetsen, A. 2002. Evidence for genetic differences in the offspring of two sympatric morphs of Arctic charr. Journal of Fish Biology 60:933Ð950."
269B,269B-Fraser2008,"Fraser, D., F. A. Huntingford, and C. E. Adams. 2008. Foraging specialisms, prey size and life-history patterns: A test of predictions using sympatric polymorphic Arctic charr (Salvelinus alpinus). Ecology of Freshwater Fish 17:1Ð9."
27A,27A-Markevitch2018,"Markevich, G., E. Esin, and L. Anisimova. 2018. Basic description and some notes on the evolution of seven sympatric morphs of Dolly Varden Salvelinus malma from the Lake Kronotskoe Basin. Ecology and Evolution 8:2554Ð2567."
283A,283A-Jonsson2000,"J—nsson, B., and S. Skœlason. 2000. Polymorphic segregation in Arctic charr Salvelinus alpinus (L.) from Vatnshlidarvatn, a shallow Icelandic lake. Biological Journal of the Linnean Society 69:55Ð74."
284A,284A-Turgeon1999,"Turgeon, J., A. Estoup, and L. Bernatchez. 1999. Species flock in the North American Great Lakes: Molecular ecology of Lake Nipigon ciscoes (Teleostei: Coregonidae: Coregonus). Evolution 53:1857Ð1871."
285A,285A-Lu1999,"Lu, G., and L. Bernatchez. 1999. Correlated trophic specialization and genetic divergence in sympatric lake whitefish ecotypes (Coregonus clupeaformis): Support for the ecological speciation hypothesis. Evolution 53:1491Ð1505."
286A,286A-Bernatchez1999,"Bernatchez, L., A. Chouinard, and G. Lu. 1999. Integrating molecular genetics and ecology in studies of adaptive radiation: whitefish, Coregonus sp., as a case study. Biological Journal of the Linnean Society 68:173Ð194."
287A,287A-Dynes1999,"Dynes, J., P. Magnan, L. Bernatchez, and M. A. Rodr’guez. 1999. Genetic and morphological variation between two forms of lacustrine brook charr. Journal of Fish Biology 54:955Ð972."
28A,28A-Hakli2018,"HŠkli, K., K. ¯stbye, K. K. Kahilainen, P. A. Amundsen, and K. Pr¾bel. 2018. Diversifying selection drives parallel evolution of gill raker number and body size along the speciation continuum of European whitefish. Ecology and Evolution 8:2617Ð2631."
291A,291A-Fraser1998,"Fraser, D., C. E. Adams, and F. A. Huntingford. 1998. Trophic polymorphism among Arctic charr Salvelinus alpinus L., from Loch Ericht, Scotland. Ecology of Freshwater Fish 7:184Ð191."
296A,296A-Adams1998,"Adams, C. E., D. Fraser, F. A. Huntingford, R. B. Greer, C. M. Askew, and A. F. Walker. 1998. Trophic polymorphism among Arctic charr from Loch Rannoch, Scotland. Journal of Fish Biology 52:1259Ð1271."
300A,300A-Bourke1997,"Bourke, P., P. Magnan, and M. A. Rodr’guez. 1997. Individual variations in habitat use and morphology in brook chart. Journal of Fish Biology 51:783Ð794."
306A,306A-Chouinard1996,"Chouinard, A., D. Pigeon, and L. Bernatchez. 1996. Lack of specialization in trophic morphology between genetically differentiated dwarf and normal forms of lake whitefish (Coregonus clupeaformis Mitchill) in Lac de lÕEst, Quebec. Canadian Journal of Zoology 74:1989Ð1998."
313A,313A-Dorucu1995,"Dorucu, M., C. E. Adams, F. A. Huntingford, and D. W. T. Crompton. 1995. How fish?helminth associations arise: an example from Arctic charr in Loch Rannoch. Journal of Fish Biology 47:1038Ð1043."
317A,317A-Sandlund1995,"Sandlund, O. T., T. F. Naesje, and R. Saksgard. 1995. Ecological diversity in whitefish Coregonus lavaretus: Ontogenetic niche shifts and polymorphism. Arch. Hydrobiol. Spec. Issues Advanc. Limnol 46:49Ð59."
318A,318A-Hesthagen1995,"Hesthagen, T., K. Hindar, B. Jonsson, J. O. Ousdal, and H. Holthe. 1995. Effects of acidification on normal and dwarf Arctic charr Salvelinus alpinus (L.) in a Norwegian lake. Biological Conservation 74:115Ð123."
31C,31C-Alekseyev2014,"Alekseyev, S. S., N. V. Gordeeva, A. N. Matveev, V. P. Samusenok, A. I. Vokin, and A. L. YurÕev. 2014. Three sympatric forms of Arctic charr Salvelinus alpinus complex (Salmoniformes, Salmonidae) from Lake Kamkanda, Northern Transbaikalia. Journal of Ichthyology 54:384Ð408."
320A,320A-Snorrason1994,"Snorrason, S. S., S. Skœlason, B. Jonsson, H. J. Malmquist, P. M. Jonasson, O. T. Sandlund, and T. Lindem. 1994. Trophic specialization in Arctic charr Salvelinus alpinus (Pisces; Salmonidae): morphological divergence and ontogenetic niche shifts. Biological Journal of the Linnean Society 52:1Ð18."
324A,324A-Sandlund1992,"Sandlund, O. T., K. Gunnarsson, P. M. Jonasson, B. Jonsson, T. Lindem, K. P. Magnusson, H. J. Malmquist, et al. 1992. The arctic charr Salvelinus alpinus in Thingvallavatn. Oikos 64:305Ð351."
331B,331B-Ostbye2006,"¯stbye, K., T. F. N¾sje, L. Bernatchez, O. T. Sandlund, and K. Hindar. 2005. Morphological divergence and origin of sympatric populations of European whitefish (Coregonus lavaretus L.) in Lake Femund, Norway. Journal of Evolutionary Biology 18:683Ð702."
339B,339B-Naesje2004,"N¾sje, T. F., J. A. Vuorinen, and O. T. Sandlund. 2004. Genetic and morphometric differentiation among sympatric spawning stocks of whitefish (Coregonus lavaretus L.) in Lake Femund, Norway. Journal of Limnology 63:233Ð243."
33B,33B-Sitar-2018,"Sitar, S. P., and D. J. Traynor. 2018. Differences in pyloric caeca counts between lean and siscowet lake trout (Salvelinus namaycush) in southern Lake Superior. Journal of Great Lakes Research 44:352Ð356."
33C,33C-Pavlov2013,"Pavlov, S. D., K. V. Kuzishchin, M. A. Gruzdeva, A. L. Senchukova, and E. A. Pivovarov. 2013. Phenetic diversity and spatial structure of chars (Salvelinus) of the Kronotskaya riverine-lacustrine system (Eastern Kamchatka). Journal of Ichthyology 53:662Ð686."
34C,34C-Fraser2013,"Fraser, D. J., A. M. Calvert, L. Bernatchez, and A. Coon. 2013. Multidisciplinary population monitoring when demographic data are sparse: A case study of remote trout populations. Ecology and Evolution 3:4954Ð4969."
35C,35C-Sandlund2013,"Sandlund, O. T., K. ¯. Gjelland, T. B¿hn, R. Knudsen, and P. A. Amundsen. 2013. Contrasting Population and Life History Responses of a Young Morph-Pair of European Whitefish to the Invasion of a Specialised Coregonid Competitor, Vendace. PLoS ONE 8."
36A,36A-Reid2017,"Reid, S. M., M. Parna, and J. D. Reist. 2017. Collapse of Lake Whitefish Coregonus clupeaformis (Mitchill, 1818) species pair in Como Lake, Ontario. Journal of Applied Ichthyology 33:933Ð939."
373B,373B-Aoki2003,"Aoki, K. A. A., and R. A. Bodaly. 2003. Sympatric presence of low and high gillraker forms of cisco, Coregonus artedi, in Lake Athapapuskow, Manitoba. The Canadian Field-Naturalist 117:49Ð52."
37C,37C-Hudson2013,"Hudson, A. G., P. Vonlanthen, E. Bezault, and O. Seehausen. 2013. Genomic signatures of relaxed disruptive selection associated with speciation reversal in whitefish. BMC Evolutionary Biology 13:108."
38A,38A-Simonsen2017,"Simonsen, M. K., A. Siwertsson, C. E. Adams, P. A. Amundsen, K. Pr¾bel, and R. Knudsen. 2017. Allometric trajectories of body and head morphology in three sympatric Arctic charr (Salvelinus alpinus (L.)) morphs. Ecology and Evolution 7:7277Ð7289."
38C,38C-Liso2013,"Liso, S., K. Gjelland, and P. A. Amundsen. 2013. Resource partitioning between pelagic coregonids in a subarctic watercourse following a biological invasion. Journal of Ichthyology 53:101Ð110."
393B,393B-Guiguer2002,"Guiguer, K. R. R. A., J. D. Reist, M. Power, and J. A. Babaluk. 2002. Using stable isotopes to confirm the trophic ecology of Arctic charr morphotypes from Lake Hazen, Nunavut, Canada. Journal of Fish Biology 60:348Ð362."
3A,3A-Knudsen2019,"Knudsen, R., A. P. Eloranta, A. Siwertsson, R. A. Paterson, M. Power, and O. T. Sandlund. 2019. Introduction of Mysis relicta (Mysida) reduces niche segregation between deep-water Arctic charr morphs. Hydrobiologia 840:245Ð260."
40B,40B-Kahilainen2017,"Kahilainen, K. K., S. M. Thomas, E. K. M. Nystedt, O. Keva, T. Malinen, and B. Hayden. 2017. Ecomorphological divergence drives differential mercury bioaccumulation in polymorphic European whitefish (Coregonus lavaretus) populations of subarctic lakes. Science of the Total Environment 599Ð600:1768Ð1778."
42A,42A-Chavarie2017,"Chavarie, L., A. M. Muir, M. S. Zimmerman, S. M. Baillie, M. J. Hansen, N. A. Nate, D. L. Yule, et al. 2017. Challenge to the model of lake charr evolution: Shallowand deep-water morphs exist within a small postglacial lake. Biological Journal of the Linnean Society 120:578Ð603."
43A,43A-Saltykova2017,"Saltykova, E., A. Siwertsson, and R. Knudsen. 2017. Parallel phenotypic evolution of skull-bone structures and head measurements of Arctic charr morphs in two subarctic lakes. Environmental Biology of Fishes 100:137Ð148."
47A,47A-Hooker2016,"Hooker, O. E., J. Barry, T. E. Van Leeuwen, A. Lyle, J. Newton, P. Cunningham, and C. E. Adams. 2016. Morphological, ecological and behavioural differentiation of sympatric profundal and pelagic Arctic charr (Salvelinus alpinus) in Loch Dughaill Scotland. Hydrobiologia 783:209Ð221."
49C,49C-Alekseyev2009,"Alekseyev, S. S., M. V. Mina, E. M. Smirina, and A. A. Sokolov. 2009. Late ontogeny growth acceleration and size form transformations in Transbaikalian Arctic charr, Salvelinus alpinus complex: Evidence from fin ray cross section growth layers. Environmental Biology of Fishes 86:487Ð505."
50A,50A-Baillie2016,"Baillie, S. M., A. M. Muir, M. J. Hansen, C. C. Krueger, and P. Bentzen. 2016. Genetic and phenotypic variation along an ecological gradient in lake trout Salvelinus namaycush. BMC Evolutionary Biology 16:1Ð16."
53A,53A-Hawley2016,"Hawley, K. L., C. M. Rosten, G. Christensen, and M. C. Lucas. 2016. Fine-scale behavioural differences distinguish resource use by ecomorphs in a closed ecosystem. Scientific Reports 6:1Ð12."
55B,55B-Kahilainen2016,"Kahilainen, K. K., T. Smura, R. Knudsen, P. A. Amundsen, M. Jokela-MŠŠttŠ, and K. Donner. 2016. Visual pigments of Arctic charr (Salvelinus alpinus (L.)) and whitefish (Coregonus lavaretus (L.)) morphs in subarctic lakes. Hydrobiologia 783:223Ð237."
57A,57A-Chavarie2016,"Chavarie, L., K. Howland, C. Gallagher, and W. Tonn. 2016. Fatty acid signatures and stomach contents of four sympatric Lake Trout: Assessment of trophic patterns among morphotypes in Great Bear Lake. Ecology of Freshwater Fish 25:109Ð124."
57B,57B-Knudsen2016,"Knudsen, R., K. ¯. Gjelland, A. P. Eloranta, B. Hayden, A. Siwertsson, P. A. Amundsen, and A. Klemetsen. 2016. A specialised cannibalistic Arctic charr morph in the piscivore guild of a subarctic lake. Hydrobiologia 783:65Ð78."
58B,58B-Siwertsson2016,"Siwertsson, A., B. Refsnes, A. Frainer, P. A. Amundsen, and R. Knudsen. 2016. Divergence and parallelism of parasite infections in Arctic charr morphs from deep and shallow lake habitats. Hydrobiologia 783:131Ð143."
5A,5A-Moccetti2019,"Moccetti, P., A. Siwertsson, R. Kj¾r, P. A. Amundsen, K. Pr¾bel, A. M. P. Tamayo, M. Power, et al. 2019. Contrasting patterns in trophic niche evolution of polymorphic Arctic charr populations in two subarctic Norwegian lakes. Hydrobiologia 840:281Ð299."
62B,62B-Chavarie2016,"Chavarie, L., W. J. Harford, K. L. Howland, J. Fitzsimons, A. M. Muir, C. C. Krueger, and W. M. Tonn. 2016. Multiple generalist morphs of Lake Trout: Avoiding constraints on the evolution of intraspecific divergence? Ecology and Evolution 6:7727Ð7741."
63A,63A-MayMcnally2014,"May-Mcnally, S. L., T. P. Quinn, P. J. Woods, and E. B. Taylor. 2015. Evidence for genetic distinction among sympatric ecotypes of Arctic char (Salvelinus alpinus) in south-western Alaskan lakes. Ecology of Freshwater Fish 24:562Ð574."
66A,66A-Samways2015,"Samways, K. M., P. R. Leavitt, P. Magnan, M. A. Rodr’guez, and P. R. Peres-Neto. 2015. Convergent polymorphism between stream and lake habitats: The case of brook char. Canadian Journal of Fisheries and Aquatic Sciences 72:1406Ð1414."
68A,68A-Skoglund2015,"Skoglund, S., A. Siwertsson, P. A. Amundsen, and R. Knudsen. 2015. Morphological divergence between three Arctic charr morphs - the significance of the deep-water environment. Ecology and Evolution 5:3114Ð3129."
68C,68C-Henderson2002,"Henderson, B. A., and D. M. Anderson. 2002. Phenotypic differences in buoyancy and energetics of lean and siscowet lake charr in Lake Superior. Environmental Biology of Fishes 64:203Ð209."
69C,69C-Jonsson2002,"Jonsson, B. 2002. Parallel sympatric segregation in arctic charr and threespined Stickleback in Lake Galtabol, Iceland. Fisheries Science 68:459Ð460."
72A,72A-Chavarie2015,"Chavarie, L., K. Howland, L. Harris, and W. Tonn. 2015. Polymorphism in lake trout in Great Bear Lake: Intra-lake morphological diversification at two spatial scales. Biological Journal of the Linnean Society 114:109Ð125."
73A,73A-Gordeeva2015,"Gordeeva, N. V., S. S. Alekseyev, A. N. Matveev, and V. P. Samusenok. 2014. Parallel evolutionary divergence in arctic char salvelinus alpines complex from transbaikalia: Variation in differentiation degree and segregation of genetic diversity among sympatric forms. Canadian Journal of Fisheries and Aquatic Sciences 72:96Ð115."
74A,74A-Saltykova2015,"Saltykova, E., G. Markevich, and K. Kuzishchin. 2015. Divergent skull morphology between trophic separated lacustrine forms of Dolly Varden charr from Lake Kronotskoe, Kamchatka, Russia. Environmental Biology of Fishes 98:559Ð570."
75C,75C-Gislason1999,"G’slason, D., M. M. Ferguson, S. Skœlason, and S. S. Snorrason. 1999. Rapid and coupled phenotypic and genetic divergence in Icelandic Arctic char (Salvelinus alpinus). Canadian Journal of Fisheries and Aquatic Sciences 56:2229Ð2234."
79C,79C-Bernatchez1996,"Bernatchez, L., J. A. Vuorinen, R. A. Bodaly, and J. J. Dodson. 1996. Genetic evidence for reproductive isolation and multiple origins of sympatric trophic ecotypes of whitefish (Coregonus). Evolution 50:624Ð635."
82C,82C-Bjoru1995,"Bjoru, B., and O. T. Sandlund. 1995. Differences in morphology and ecology within a stunted Arctic char population. Nordic Journal of Freshwater Research 71:163Ð172."
83A,83A-Muir2014,"Muir, A. M., P. Vecsei, M. Power, C. C. Krueger, and J. D. Reist. 2014. Morphology and life history of the Great Slave Lake ciscoes (Salmoniformes: Coregonidae). Ecology of Freshwater Fish 23:453Ð469."
85A,85A-Knudsen2014,"Knudsen, R., A. Siwertsson, C. E. Adams, J. Newton, and P. A. Amundsen. 2014. Similar patterns of individual niche use are revealed by different time-integrated trophic tracers (stable isotopes and parasites). Ecology of Freshwater Fish 23:259Ð268."
89A,89A-Conejeros2014,"Conejeros, P., A. Phan, M. Power, M. OÕConnell, S. Alekseyev, I. Salinas, and B. Dixon. 2014. Differentiation of sympatric arctic char morphotypes using Major Histocompatibility Class II genes. Transactions of the American Fisheries Society 143:586Ð594."
93C,93C-Walker1988,"Walker, A. F., R. B. Greer, and A. S. Gardner. 1988. Two ecologically distinct forms of arctic charr Salvelinus alpinus (L.) in Loch Rannoch, Scotland. Biological Conservation 43:43Ð61."
94C,94C-Sandlund1987,"Sandlund, O. Ter, B. Jonsson, H. J. Malmquist, R. Gydemo, T. Lindem, S. Skœlason, S. S. Snorrason, et al. 1987. Habitat use of arctic charr Salvelinus alpinus in Thingvallavatn, Iceland. Environmental Biology of Fishes 20:263Ð274."
96A,96A-Praebel2013,"Pr¾bel, K., R. Knudsen, A. Siwertsson, M. Karhunen, K. K. Kahilainen, O. Ovaskainen, K. ¯stbye, et al. 2013. Ecological speciation in postglacial European whitefish: Rapid adaptive radiations into the littoral, pelagic, and profundal lake habitats. Ecology and Evolution 3:4970Ð4986."
96C,96C-Hindar1982,"Hindar, K., and B. Jonsson. 1982. Habitat and food segregation of dwarf and normal arctic charr (Salvelinus alpinus) from Vangsvatnet Lake, Western Norway. Canadian Journal of Fisheries and Aquatic Sciences 39:1030Ð1045."
97C,97C-Jonsson1982,"Jonsson, B., and K. Hindar. 1982. Reproductive strategy of dwarf and normal arctic charr (Salvelinus alpinus) from Vangsvatnet Lake, Western Norway. Canadian Journal of Fisheries and Aquatic Sciences 39:1404Ð1413."
